id,person_id,event_id,event_name,date,location_id,post_content,media_url
1,30,101,CryptoTech Conference,20230610,6,"Innovation shouldn't be compromised for profit. Some secrets are worth protecting at any cost. #InnovationVsProfits #QuantumFuture",https://socialmedia.example/post/vr_crypto
2,20,102,Executive Dinner,20230615,5,"Fascinating discussions about the future of quantum computing with our international partners. Some bridges can't be uncrossed. #QuantumLeap #Diplomacy",https://socialmedia.example/post/md_dinner
3,60,103,Office Life,20230615,1,"Sometimes loyalty means making hard choices. The view from the 50th floor makes you think about what's really important. #Choices #Sunset",https://socialmedia.example/post/er_sunset
4,90,104,Coffee Break,20230615,7,"When code holds secrets that could change everything. Time to think about whose side you're really on. #Ethics #Coding",https://socialmedia.example/post/do_coffee
5,50,105,Security Conference,20230612,8,"Our current security protocols have critical flaws. Some vulnerabilities are too dangerous to ignore. Urgent meeting needed. #CyberSecurity",https://socialmedia.example/post/mt_security
6,80,106,Security Analysis,20230615,1,"Found concerning patterns in the quantum encryption protocols. Something isn't right with Project Phoenix. @V_Radek we need to talk. #Security",https://socialmedia.example/post/jp_security
7,40,107,Financial Meeting,20230615,8,"Sometimes the numbers tell a different story than what's on paper. Merger implications go deeper than expected. #FinancialOversight",https://socialmedia.example/post/sc_finance
8,70,108,Beijing Conference,20230615,14,"Technology transfer agreements need careful consideration. Not all partnerships are what they seem. #Innovation #Diplomacy",https://socialmedia.example/post/rl_beijing
9,110,109,Quantum Research,20230614,20,"Breakthrough in quantum encryption could change everything. Some discoveries are too dangerous to share. #QuantumPhysics",https://socialmedia.example/post/sz_quantum
10,10,110,Company Update,20230614,1,"Tomorrow's announcement will reshape the future of quantum computing. Not everyone will be happy with the changes. #Innovation",https://socialmedia.example/post/ea_update
11,160,111,Diplomatic Reception,20230614,30,"Interesting discussions about quantum technology sharing. Some barriers are meant to be broken. #Innovation #Diplomacy",https://socialmedia.example/post/vp_reception
12,170,112,Security Meeting,20230615,35,"When security protocols clash with diplomatic immunity. Complex problems require complex solutions. #Security",https://socialmedia.example/post/no_security
13,30,113,Late Night Work,20230614,3,"Project Phoenix has evolved beyond its original scope. The implications are staggering. @EA we need to stop this. #Ethics",https://socialmedia.example/post/vr_warning
14,20,114,Strategic Planning,20230615,5,"Sometimes the best moves aren't the most obvious ones. Big changes coming tomorrow. #Strategy #Chess",https://socialmedia.example/post/md_strategy
15,80,115,Security Alert,20230615,1,"Multiple unauthorized access attempts detected. Quantum signatures don't lie. @MT urgent review needed. #Security",https://socialmedia.example/post/jp_alert
